WKT,NAME,SpeciesName,Date,NameDate,URL
"MULTIPOINT ((153.18517 -27.75596))",Greater Glider,"Petauroides volans (Kerr, 1792)",2019-11-30T20:00:44.000,Greater Glider 2019-11-30T20:00:44,https://wildlife.org.au/queensland-glider-network/
"MULTIPOINT ((153.12671 -27.77423))",Greater Glider,"Petauroides volans (Kerr, 1792)",2019-12-03T00:00:00.000,Greater Glider 2019-12-03T00:00:00,https://wildlife.org.au/queensland-glider-network/
"MULTIPOINT ((153.20251 -27.91469))",Greater Glider,"Petauroides volans (Kerr, 1792)",2019-12-29T00:00:00.000,Greater Glider 2019-12-29T00:00:00,https://wildlife.org.au/queensland-glider-network/
"MULTIPOINT ((153.32371 -27.97604))",Greater Glider,"Petauroides volans (Kerr, 1792)",2018-03-17T00:00:00.000,Greater Glider 2018-03-17T00:00:00,https://wildlife.org.au/queensland-glider-network/
"MULTIPOINT ((153.31889 -27.96966))",Greater Glider,"Petauroides volans (Kerr, 1792)",2018-03-17T00:00:00.000,Greater Glider 2018-03-17T00:00:00,https://wildlife.org.au/queensland-glider-network/
"MULTIPOINT ((153.31883 -27.97225))",Greater Glider,"Petauroides volans (Kerr, 1792)",2018-03-17T00:00:00.000,Greater Glider 2018-03-17T00:00:00,https://wildlife.org.au/queensland-glider-network/
"MULTIPOINT ((153.31873 -27.97318))",Greater Glider,"Petauroides volans (Kerr, 1792)",2018-03-17T00:00:00.000,Greater Glider 2018-03-17T00:00:00,https://wildlife.org.au/queensland-glider-network/
"MULTIPOINT ((153.31763 -27.97693))",Greater Glider,"Petauroides volans (Kerr, 1792)",2018-03-17T00:00:00.000,Greater Glider 2018-03-17T00:00:00,https://wildlife.org.au/queensland-glider-network/
"MULTIPOINT ((153.18612 -27.91119))",Greater Glider,"Petauroides volans (Kerr, 1792)",2017-09-26T00:00:00.000,Greater Glider 2017-09-26T00:00:00,https://wildlife.org.au/queensland-glider-network/
"MULTIPOINT ((152.66752 -28.3477))",Greater Glider,"Petauroides volans (Kerr, 1792)",2015-01-20T00:00:00.000,Greater Glider 2015-01-20T00:00:00,https://wildlife.org.au/queensland-glider-network/
"MULTIPOINT ((152.66497 -28.34875))",Greater Glider,"Petauroides volans (Kerr, 1792)",2015-01-20T00:00:00.000,Greater Glider 2015-01-20T00:00:00,https://wildlife.org.au/queensland-glider-network/
"MULTIPOINT ((152.66918 -28.35063))",Greater Glider,"Petauroides volans (Kerr, 1792)",2015-01-20T00:00:00.000,Greater Glider 2015-01-20T00:00:00,https://wildlife.org.au/queensland-glider-network/
"MULTIPOINT ((152.66675 -28.34784))",Greater Glider,"Petauroides volans (Kerr, 1792)",2015-01-21T00:00:00.000,Greater Glider 2015-01-21T00:00:00,https://wildlife.org.au/queensland-glider-network/
"MULTIPOINT ((152.66946 -28.33577))",Greater Glider,"Petauroides volans (Kerr, 1792)",2015-01-15T00:00:00.000,Greater Glider 2015-01-15T00:00:00,https://wildlife.org.au/queensland-glider-network/
"MULTIPOINT ((152.65274 -28.35329))",Greater Glider,"Petauroides volans (Kerr, 1792)",2015-01-21T00:00:00.000,Greater Glider 2015-01-21T00:00:00,https://wildlife.org.au/queensland-glider-network/
"MULTIPOINT ((152.65274 -28.35329))",Greater Glider,"Petauroides volans (Kerr, 1792)",2015-01-21T00:00:00.000,Greater Glider 2015-01-21T00:00:00,https://wildlife.org.au/queensland-glider-network/
"MULTIPOINT ((152.6715 -28.33645))",Greater Glider,"Petauroides volans (Kerr, 1792)",2015-02-18T00:00:00.000,Greater Glider 2015-02-18T00:00:00,https://wildlife.org.au/queensland-glider-network/
"MULTIPOINT ((152.65957 -28.36394))",Greater Glider,"Petauroides volans (Kerr, 1792)",2015-02-25T00:00:00.000,Greater Glider 2015-02-25T00:00:00,https://wildlife.org.au/queensland-glider-network/
"MULTIPOINT ((152.66712 -28.42946))",Greater Glider,"Petauroides volans (Kerr, 1792)",2015-04-22T00:00:00.000,Greater Glider 2015-04-22T00:00:00,https://wildlife.org.au/queensland-glider-network/
"MULTIPOINT ((152.67681 -28.418))",Greater Glider,"Petauroides volans (Kerr, 1792)",2015-06-09T00:00:00.000,Greater Glider 2015-06-09T00:00:00,https://wildlife.org.au/queensland-glider-network/
"MULTIPOINT ((152.68017 -28.43016))",Greater Glider,"Petauroides volans (Kerr, 1792)",2015-06-09T00:00:00.000,Greater Glider 2015-06-09T00:00:00,https://wildlife.org.au/queensland-glider-network/
"MULTIPOINT ((152.68079 -28.43515))",Greater Glider,"Petauroides volans (Kerr, 1792)",2015-06-09T00:00:00.000,Greater Glider 2015-06-09T00:00:00,https://wildlife.org.au/queensland-glider-network/
"MULTIPOINT ((152.6804 -28.43197))",Greater Glider,"Petauroides volans (Kerr, 1792)",2015-06-09T00:00:00.000,Greater Glider 2015-06-09T00:00:00,https://wildlife.org.au/queensland-glider-network/
"MULTIPOINT ((152.66734 -28.42863))",Greater Glider,"Petauroides volans (Kerr, 1792)",2015-06-23T00:00:00.000,Greater Glider 2015-06-23T00:00:00,https://wildlife.org.au/queensland-glider-network/
"MULTIPOINT ((152.63452 -28.38508))",Greater Glider,"Petauroides volans (Kerr, 1792)",2015-07-02T00:00:00.000,Greater Glider 2015-07-02T00:00:00,https://wildlife.org.au/queensland-glider-network/
"MULTIPOINT ((153.2 -28.2))",Koala,"Phascolarctos cinereus (Goldfuss, 1817)",2020-01-23T00:00:00.000,Koala 2020-01-23T00:00:00,https://wildlife.org.au/koala/
"MULTIPOINT ((153.11798 -27.87661))",Koala,"Phascolarctos cinereus (Goldfuss, 1817)",2020-01-22T00:00:00.000,Koala 2020-01-22T00:00:00,https://wildlife.org.au/koala/
"MULTIPOINT ((153.1835 -27.76389))",Koala,"Phascolarctos cinereus (Goldfuss, 1817)",2020-01-25T00:00:00.000,Koala 2020-01-25T00:00:00,https://wildlife.org.au/koala/
"MULTIPOINT ((153.30705 -28.03098))",Koala,"Phascolarctos cinereus (Goldfuss, 1817)",2020-01-05T00:00:00.000,Koala 2020-01-05T00:00:00,https://wildlife.org.au/koala/
"MULTIPOINT ((153.13797 -28.38346))",Koala,"Phascolarctos cinereus (Goldfuss, 1817)",2019-01-25T00:00:00.000,Koala 2019-01-25T00:00:00,https://wildlife.org.au/koala/
"MULTIPOINT ((153.27632 -28.31066))",Koala,"Phascolarctos cinereus (Goldfuss, 1817)",2019-02-28T00:00:00.000,Koala 2019-02-28T00:00:00,https://wildlife.org.au/koala/
"MULTIPOINT ((152.4113 -27.83686))",Koala,"Phascolarctos cinereus (Goldfuss, 1817)",2019-03-02T16:44:00.000,Koala 2019-03-02T16:44:00,https://wildlife.org.au/koala/
"MULTIPOINT ((152.40048 -27.8632))",Koala,"Phascolarctos cinereus (Goldfuss, 1817)",2019-03-03T10:52:00.000,Koala 2019-03-03T10:52:00,https://wildlife.org.au/koala/
"MULTIPOINT ((152.4 -27.8))",Koala,"Phascolarctos cinereus (Goldfuss, 1817)",2019-03-02T00:00:00.000,Koala 2019-03-02T00:00:00,https://wildlife.org.au/koala/
"MULTIPOINT ((152.4 -27.9))",Koala,"Phascolarctos cinereus (Goldfuss, 1817)",2019-03-03T00:00:00.000,Koala 2019-03-03T00:00:00,https://wildlife.org.au/koala/
"MULTIPOINT ((152.52539 -28.21771))",Koala,"Phascolarctos cinereus (Goldfuss, 1817)",2019-04-27T00:00:00.000,Koala 2019-04-27T00:00:00,https://wildlife.org.au/koala/
"MULTIPOINT ((153.188 -28.19509))",Koala,"Phascolarctos cinereus (Goldfuss, 1817)",2019-05-19T23:32:59.000,Koala 2019-05-19T23:32:59,https://wildlife.org.au/koala/
"MULTIPOINT ((152.7231 -27.7117))",Koala,"Phascolarctos cinereus (Goldfuss, 1817)",2019-06-24T00:00:00.000,Koala 2019-06-24T00:00:00,https://wildlife.org.au/koala/
"MULTIPOINT ((153.18672 -28.19369))",Koala,"Phascolarctos cinereus (Goldfuss, 1817)",2019-07-02T16:03:00.000,Koala 2019-07-02T16:03:00,https://wildlife.org.au/koala/
"MULTIPOINT ((153.23443 -27.93155))",Koala,"Phascolarctos cinereus (Goldfuss, 1817)",2019-07-24T00:00:00.000,Koala 2019-07-24T00:00:00,https://wildlife.org.au/koala/
"MULTIPOINT ((153.17721 -28.02327))",Koala,"Phascolarctos cinereus (Goldfuss, 1817)",2019-07-21T00:00:00.000,Koala 2019-07-21T00:00:00,https://wildlife.org.au/koala/
"MULTIPOINT ((153.2 -28.2))",Koala,"Phascolarctos cinereus (Goldfuss, 1817)",2019-07-02T00:00:00.000,Koala 2019-07-02T00:00:00,https://wildlife.org.au/koala/
"MULTIPOINT ((153.07645 -27.79007))",Koala,"Phascolarctos cinereus (Goldfuss, 1817)",2019-08-26T00:00:00.000,Koala 2019-08-26T00:00:00,https://wildlife.org.au/koala/
"MULTIPOINT ((153.1 -27.8))",Koala,"Phascolarctos cinereus (Goldfuss, 1817)",2019-08-31T00:00:00.000,Koala 2019-08-31T00:00:00,https://wildlife.org.au/koala/
"MULTIPOINT ((153.06281 -27.83552))",Koala,"Phascolarctos cinereus (Goldfuss, 1817)",2019-09-15T00:00:00.000,Koala 2019-09-15T00:00:00,https://wildlife.org.au/koala/
"MULTIPOINT ((153.17 -28.36))",Koala,"Phascolarctos cinereus (Goldfuss, 1817)",2019-09-02T00:00:00.000,Koala 2019-09-02T00:00:00,https://wildlife.org.au/koala/
"MULTIPOINT ((152.61821 -27.69889))",Koala,"Phascolarctos cinereus (Goldfuss, 1817)",2019-09-15T00:00:00.000,Koala 2019-09-15T00:00:00,https://wildlife.org.au/koala/
"MULTIPOINT ((153.26949 -27.96308))",Koala,"Phascolarctos cinereus (Goldfuss, 1817)",2019-09-22T00:00:00.000,Koala 2019-09-22T00:00:00,https://wildlife.org.au/koala/
"MULTIPOINT ((152.7 -27.8))",Koala,"Phascolarctos cinereus (Goldfuss, 1817)",2019-09-26T00:00:00.000,Koala 2019-09-26T00:00:00,https://wildlife.org.au/koala/
"MULTIPOINT ((153.3 -27.9))",Koala,"Phascolarctos cinereus (Goldfuss, 1817)",2019-09-28T00:00:00.000,Koala 2019-09-28T00:00:00,https://wildlife.org.au/koala/
"MULTIPOINT ((152.6 -28.1))",Koala,"Phascolarctos cinereus (Goldfuss, 1817)",2019-09-23T00:00:00.000,Koala 2019-09-23T00:00:00,https://wildlife.org.au/koala/
"MULTIPOINT ((152.6 -28.1))",Koala,"Phascolarctos cinereus (Goldfuss, 1817)",2019-09-23T00:00:00.000,Koala 2019-09-23T00:00:00,https://wildlife.org.au/koala/
"MULTIPOINT ((153.18209 -27.90983))",Koala,"Phascolarctos cinereus (Goldfuss, 1817)",2019-09-26T00:00:00.000,Koala 2019-09-26T00:00:00,https://wildlife.org.au/koala/
"MULTIPOINT ((153.07775 -27.77342))",Koala,"Phascolarctos cinereus (Goldfuss, 1817)",2019-09-29T00:00:00.000,Koala 2019-09-29T00:00:00,https://wildlife.org.au/koala/
"MULTIPOINT ((153.14307 -27.85421))",Koala,"Phascolarctos cinereus (Goldfuss, 1817)",2019-10-24T14:22:56.000,Koala 2019-10-24T14:22:56,https://wildlife.org.au/koala/
"MULTIPOINT ((152.76787 -27.73558))",Koala,"Phascolarctos cinereus (Goldfuss, 1817)",2019-10-13T00:00:00.000,Koala 2019-10-13T00:00:00,https://wildlife.org.au/koala/
"MULTIPOINT ((152.63361 -27.71111))",Koala,"Phascolarctos cinereus (Goldfuss, 1817)",2019-10-09T00:00:00.000,Koala 2019-10-09T00:00:00,https://wildlife.org.au/koala/
"MULTIPOINT ((152.7 -27.8))",Koala,"Phascolarctos cinereus (Goldfuss, 1817)",2019-10-02T00:00:00.000,Koala 2019-10-02T00:00:00,https://wildlife.org.au/koala/
"MULTIPOINT ((152.61753 -27.70013))",Koala,"Phascolarctos cinereus (Goldfuss, 1817)",2019-10-03T00:00:00.000,Koala 2019-10-03T00:00:00,https://wildlife.org.au/koala/
"MULTIPOINT ((152.61399 -27.7102))",Koala,"Phascolarctos cinereus (Goldfuss, 1817)",2019-10-02T00:00:00.000,Koala 2019-10-02T00:00:00,https://wildlife.org.au/koala/
"MULTIPOINT ((152.61827 -27.69728))",Koala,"Phascolarctos cinereus (Goldfuss, 1817)",2019-10-11T00:00:00.000,Koala 2019-10-11T00:00:00,https://wildlife.org.au/koala/
"MULTIPOINT ((152.61429 -27.70998))",Koala,"Phascolarctos cinereus (Goldfuss, 1817)",2019-10-02T00:00:00.000,Koala 2019-10-02T00:00:00,https://wildlife.org.au/koala/
"MULTIPOINT ((152.61653 -27.70568))",Koala,"Phascolarctos cinereus (Goldfuss, 1817)",2019-10-07T00:00:00.000,Koala 2019-10-07T00:00:00,https://wildlife.org.au/koala/
"MULTIPOINT ((153.0532 -27.83445))",Koala,"Phascolarctos cinereus (Goldfuss, 1817)",2019-11-29T00:00:00.000,Koala 2019-11-29T00:00:00,https://wildlife.org.au/koala/
"MULTIPOINT ((152.52961 -27.92629))",Koala,"Phascolarctos cinereus (Goldfuss, 1817)",2019-11-18T00:00:00.000,Koala 2019-11-18T00:00:00,https://wildlife.org.au/koala/
"MULTIPOINT ((152.62213 -27.69921))",Koala,"Phascolarctos cinereus (Goldfuss, 1817)",2019-11-23T00:00:00.000,Koala 2019-11-23T00:00:00,https://wildlife.org.au/koala/
"MULTIPOINT ((153.22778 -28.13223))",Koala,"Phascolarctos cinereus (Goldfuss, 1817)",2019-12-05T00:00:00.000,Koala 2019-12-05T00:00:00,https://wildlife.org.au/koala/
"MULTIPOINT ((152.7121 -27.73353))",Koala,"Phascolarctos cinereus (Goldfuss, 1817)",2019-12-13T14:08:00.000,Koala 2019-12-13T14:08:00,https://wildlife.org.au/koala/
"MULTIPOINT ((153.18478 -27.73987))",Koala,"Phascolarctos cinereus (Goldfuss, 1817)",2019-12-29T15:15:00.000,Koala 2019-12-29T15:15:00,https://wildlife.org.au/koala/
"MULTIPOINT ((152.51304 -27.92113))",Koala,"Phascolarctos cinereus (Goldfuss, 1817)",2019-12-20T00:00:00.000,Koala 2019-12-20T00:00:00,https://wildlife.org.au/koala/
"MULTIPOINT ((152.5035 -27.9166))",Koala,"Phascolarctos cinereus (Goldfuss, 1817)",2019-12-20T00:00:00.000,Koala 2019-12-20T00:00:00,https://wildlife.org.au/koala/
"MULTIPOINT ((152.58795 -27.91815))",Koala,"Phascolarctos cinereus (Goldfuss, 1817)",2019-12-20T00:00:00.000,Koala 2019-12-20T00:00:00,https://wildlife.org.au/koala/
"MULTIPOINT ((152.58317 -27.91722))",Koala,"Phascolarctos cinereus (Goldfuss, 1817)",2019-12-20T00:00:00.000,Koala 2019-12-20T00:00:00,https://wildlife.org.au/koala/
"MULTIPOINT ((152.52446 -27.92514))",Koala,"Phascolarctos cinereus (Goldfuss, 1817)",2019-12-20T00:00:00.000,Koala 2019-12-20T00:00:00,https://wildlife.org.au/koala/
"MULTIPOINT ((152.52446 -27.92514))",Koala,"Phascolarctos cinereus (Goldfuss, 1817)",2019-12-20T00:00:00.000,Koala 2019-12-20T00:00:00,https://wildlife.org.au/koala/
"MULTIPOINT ((152.56672 -27.91616))",Koala,"Phascolarctos cinereus (Goldfuss, 1817)",2019-12-20T00:00:00.000,Koala 2019-12-20T00:00:00,https://wildlife.org.au/koala/
"MULTIPOINT ((152.50371 -27.91678))",Koala,"Phascolarctos cinereus (Goldfuss, 1817)",2019-12-20T00:00:00.000,Koala 2019-12-20T00:00:00,https://wildlife.org.au/koala/
"MULTIPOINT ((152.56375 -27.91722))",Koala,"Phascolarctos cinereus (Goldfuss, 1817)",2019-12-20T00:00:00.000,Koala 2019-12-20T00:00:00,https://wildlife.org.au/koala/
"MULTIPOINT ((152.5372 -27.92853))",Koala,"Phascolarctos cinereus (Goldfuss, 1817)",2019-12-20T00:00:00.000,Koala 2019-12-20T00:00:00,https://wildlife.org.au/koala/
"MULTIPOINT ((152.53709 -27.92841))",Koala,"Phascolarctos cinereus (Goldfuss, 1817)",2019-12-20T00:00:00.000,Koala 2019-12-20T00:00:00,https://wildlife.org.au/koala/
"MULTIPOINT ((152.58211 -27.91742))",Koala,"Phascolarctos cinereus (Goldfuss, 1817)",2019-12-20T00:00:00.000,Koala 2019-12-20T00:00:00,https://wildlife.org.au/koala/
"MULTIPOINT ((152.59539 -27.92387))",Koala,"Phascolarctos cinereus (Goldfuss, 1817)",2019-12-20T00:00:00.000,Koala 2019-12-20T00:00:00,https://wildlife.org.au/koala/
"MULTIPOINT ((153.3211 -27.97057))",Koala,"Phascolarctos cinereus (Goldfuss, 1817)",2018-03-17T00:00:00.000,Koala 2018-03-17T00:00:00,https://wildlife.org.au/koala/
"MULTIPOINT ((153.23353 -28.28721))",Koala,"Phascolarctos cinereus (Goldfuss, 1817)",2018-04-20T00:00:00.000,Koala 2018-04-20T00:00:00,https://wildlife.org.au/koala/
"MULTIPOINT ((152.65776 -27.90077))",Koala,"Phascolarctos cinereus (Goldfuss, 1817)",2018-04-01T00:00:00.000,Koala 2018-04-01T00:00:00,https://wildlife.org.au/koala/
"MULTIPOINT ((153.26015 -28.27188))",Koala,"Phascolarctos cinereus (Goldfuss, 1817)",2018-06-16T00:00:00.000,Koala 2018-06-16T00:00:00,https://wildlife.org.au/koala/
"MULTIPOINT ((153.00588 -28.38141))",Koala,"Phascolarctos cinereus (Goldfuss, 1817)",2018-07-27T00:00:00.000,Koala 2018-07-27T00:00:00,https://wildlife.org.au/koala/
"MULTIPOINT ((153.00113 -28.35285))",Koala,"Phascolarctos cinereus (Goldfuss, 1817)",2018-07-27T00:00:00.000,Koala 2018-07-27T00:00:00,https://wildlife.org.au/koala/
"MULTIPOINT ((153.00333 -28.35282))",Koala,"Phascolarctos cinereus (Goldfuss, 1817)",2018-07-27T00:00:00.000,Koala 2018-07-27T00:00:00,https://wildlife.org.au/koala/
"MULTIPOINT ((153.23371 -28.28764))",Koala,"Phascolarctos cinereus (Goldfuss, 1817)",2018-08-11T00:00:00.000,Koala 2018-08-11T00:00:00,https://wildlife.org.au/koala/
"MULTIPOINT ((153.21176 -28.07137))",Koala,"Phascolarctos cinereus (Goldfuss, 1817)",2018-09-05T07:01:00.000,Koala 2018-09-05T07:01:00,https://wildlife.org.au/koala/
"MULTIPOINT ((153.23365 -28.28768))",Koala,"Phascolarctos cinereus (Goldfuss, 1817)",2018-09-07T00:00:00.000,Koala 2018-09-07T00:00:00,https://wildlife.org.au/koala/
"MULTIPOINT ((153.23269 -28.28741))",Koala,"Phascolarctos cinereus (Goldfuss, 1817)",2018-10-31T00:00:00.000,Koala 2018-10-31T00:00:00,https://wildlife.org.au/koala/
"MULTIPOINT ((153.23269 -28.28741))",Koala,"Phascolarctos cinereus (Goldfuss, 1817)",2018-10-31T00:00:00.000,Koala 2018-10-31T00:00:00,https://wildlife.org.au/koala/
"MULTIPOINT ((152.56266 -28.02574))",Koala,"Phascolarctos cinereus (Goldfuss, 1817)",2018-10-12T00:00:00.000,Koala 2018-10-12T00:00:00,https://wildlife.org.au/koala/
"MULTIPOINT ((153.23386 -28.28872))",Koala,"Phascolarctos cinereus (Goldfuss, 1817)",2018-10-14T00:00:00.000,Koala 2018-10-14T00:00:00,https://wildlife.org.au/koala/
"MULTIPOINT ((152.92825 -27.88629))",Koala,"Phascolarctos cinereus (Goldfuss, 1817)",2018-11-03T15:01:00.000,Koala 2018-11-03T15:01:00,https://wildlife.org.au/koala/
"MULTIPOINT ((153.1877 -28.19134))",Koala,"Phascolarctos cinereus (Goldfuss, 1817)",2018-11-30T00:08:00.000,Koala 2018-11-30T00:08:00,https://wildlife.org.au/koala/
"MULTIPOINT ((152.6977 -28.25063))",Koala,"Phascolarctos cinereus (Goldfuss, 1817)",2018-11-09T00:00:00.000,Koala 2018-11-09T00:00:00,https://wildlife.org.au/koala/
"MULTIPOINT ((152.9 -27.9))",Koala,"Phascolarctos cinereus (Goldfuss, 1817)",2018-11-03T00:00:00.000,Koala 2018-11-03T00:00:00,https://wildlife.org.au/koala/
"MULTIPOINT ((152.8588 -28.10436))",Koala,"Phascolarctos cinereus (Goldfuss, 1817)",2018-12-29T00:00:00.000,Koala 2018-12-29T00:00:00,https://wildlife.org.au/koala/
"MULTIPOINT ((153.16152 -27.84878))",Koala,"Phascolarctos cinereus (Goldfuss, 1817)",2018-12-19T00:00:00.000,Koala 2018-12-19T00:00:00,https://wildlife.org.au/koala/
"MULTIPOINT ((153.18995 -28.28893))",Koala,"Phascolarctos cinereus (Goldfuss, 1817)",2017-03-05T00:00:00.000,Koala 2017-03-05T00:00:00,https://wildlife.org.au/koala/
"MULTIPOINT ((152.65075 -28.24605))",Koala,"Phascolarctos cinereus (Goldfuss, 1817)",2017-05-16T00:00:00.000,Koala 2017-05-16T00:00:00,https://wildlife.org.au/koala/
"MULTIPOINT ((153.23394 -27.9286))",Koala,"Phascolarctos cinereus (Goldfuss, 1817)",2017-06-01T00:00:00.000,Koala 2017-06-01T00:00:00,https://wildlife.org.au/koala/
"MULTIPOINT ((153.1 -27.8))",Koala,"Phascolarctos cinereus (Goldfuss, 1817)",2017-08-19T00:00:00.000,Koala 2017-08-19T00:00:00,https://wildlife.org.au/koala/
"MULTIPOINT ((153.15866 -27.7699))",Koala,"Phascolarctos cinereus (Goldfuss, 1817)",2017-08-19T15:47:00.000,Koala 2017-08-19T15:47:00,https://wildlife.org.au/koala/
"MULTIPOINT ((153.23334 -28.34147))",Koala,"Phascolarctos cinereus (Goldfuss, 1817)",2017-09-22T00:00:00.000,Koala 2017-09-22T00:00:00,https://wildlife.org.au/koala/
"MULTIPOINT ((153.24848 -28.33849))",Koala,"Phascolarctos cinereus (Goldfuss, 1817)",2017-09-27T00:00:00.000,Koala 2017-09-27T00:00:00,https://wildlife.org.au/koala/
"MULTIPOINT ((153.18416 -28.19269))",Koala,"Phascolarctos cinereus (Goldfuss, 1817)",2017-09-24T00:00:00.000,Koala 2017-09-24T00:00:00,https://wildlife.org.au/koala/
"MULTIPOINT ((153.18072 -27.93329))",Koala,"Phascolarctos cinereus (Goldfuss, 1817)",2017-10-16T00:00:00.000,Koala 2017-10-16T00:00:00,https://wildlife.org.au/koala/
"MULTIPOINT ((152.4 -28.1))",Koala,"Phascolarctos cinereus (Goldfuss, 1817)",2017-10-22T00:00:00.000,Koala 2017-10-22T00:00:00,https://wildlife.org.au/koala/
"MULTIPOINT ((153.23334 -28.34144))",Koala,"Phascolarctos cinereus (Goldfuss, 1817)",2017-10-28T00:00:00.000,Koala 2017-10-28T00:00:00,https://wildlife.org.au/koala/
"MULTIPOINT ((153.23273 -28.34175))",Koala,"Phascolarctos cinereus (Goldfuss, 1817)",2017-10-18T00:00:00.000,Koala 2017-10-18T00:00:00,https://wildlife.org.au/koala/
"MULTIPOINT ((153.23374 -28.34152))",Koala,"Phascolarctos cinereus (Goldfuss, 1817)",2017-10-01T00:00:00.000,Koala 2017-10-01T00:00:00,https://wildlife.org.au/koala/
"MULTIPOINT ((153.23402 -28.34172))",Koala,"Phascolarctos cinereus (Goldfuss, 1817)",2017-10-01T00:00:00.000,Koala 2017-10-01T00:00:00,https://wildlife.org.au/koala/
"MULTIPOINT ((153.18116 -27.90203))",Koala,"Phascolarctos cinereus (Goldfuss, 1817)",2017-10-15T00:00:00.000,Koala 2017-10-15T00:00:00,https://wildlife.org.au/koala/
"MULTIPOINT ((153.22471 -27.95404))",Koala,"Phascolarctos cinereus (Goldfuss, 1817)",2017-11-12T13:31:00.000,Koala 2017-11-12T13:31:00,https://wildlife.org.au/koala/
"MULTIPOINT ((153.3 -28.0))",Koala,"Phascolarctos cinereus (Goldfuss, 1817)",2017-11-12T00:00:00.000,Koala 2017-11-12T00:00:00,https://wildlife.org.au/koala/
"MULTIPOINT ((153.28657 -27.91823))",Koala,"Phascolarctos cinereus (Goldfuss, 1817)",2017-12-15T00:00:00.000,Koala 2017-12-15T00:00:00,https://wildlife.org.au/koala/
"MULTIPOINT ((152.7 -28.2))",Koala,"Phascolarctos cinereus (Goldfuss, 1817)",2016-01-07T00:00:00.000,Koala 2016-01-07T00:00:00,https://wildlife.org.au/koala/
"MULTIPOINT ((153.07565 -27.8243))",Koala,"Phascolarctos cinereus (Goldfuss, 1817)",2016-02-28T00:00:00.000,Koala 2016-02-28T00:00:00,https://wildlife.org.au/koala/
"MULTIPOINT ((152.98408 -27.76967))",Koala,"Phascolarctos cinereus (Goldfuss, 1817)",2016-02-24T00:00:00.000,Koala 2016-02-24T00:00:00,https://wildlife.org.au/koala/
"MULTIPOINT ((153.02283 -28.4137))",Koala,"Phascolarctos cinereus (Goldfuss, 1817)",2016-02-28T00:00:00.000,Koala 2016-02-28T00:00:00,https://wildlife.org.au/koala/
"MULTIPOINT ((152.63172 -28.39383))",Koala,"Phascolarctos cinereus (Goldfuss, 1817)",2016-03-02T00:00:00.000,Koala 2016-03-02T00:00:00,https://wildlife.org.au/koala/
"MULTIPOINT ((153.3 -28.0))",Koala,"Phascolarctos cinereus (Goldfuss, 1817)",2016-04-10T00:00:00.000,Koala 2016-04-10T00:00:00,https://wildlife.org.au/koala/
"MULTIPOINT ((153.02817 -27.88779))",Koala,"Phascolarctos cinereus (Goldfuss, 1817)",2016-04-28T00:00:00.000,Koala 2016-04-28T00:00:00,https://wildlife.org.au/koala/
"MULTIPOINT ((153.10177 -27.90795))",Koala,"Phascolarctos cinereus (Goldfuss, 1817)",2016-04-23T00:00:00.000,Koala 2016-04-23T00:00:00,https://wildlife.org.au/koala/
"MULTIPOINT ((153.26133 -28.27667))",Koala,"Phascolarctos cinereus (Goldfuss, 1817)",2016-05-08T00:00:00.000,Koala 2016-05-08T00:00:00,https://wildlife.org.au/koala/
"MULTIPOINT ((153.13526 -27.79325))",Koala,"Phascolarctos cinereus (Goldfuss, 1817)",2016-05-25T00:00:00.000,Koala 2016-05-25T00:00:00,https://wildlife.org.au/koala/
"MULTIPOINT ((153.09571 -27.81104))",Koala,"Phascolarctos cinereus (Goldfuss, 1817)",2016-05-20T00:00:00.000,Koala 2016-05-20T00:00:00,https://wildlife.org.au/koala/
"MULTIPOINT ((153.2607 -28.27633))",Koala,"Phascolarctos cinereus (Goldfuss, 1817)",2016-05-08T00:00:00.000,Koala 2016-05-08T00:00:00,https://wildlife.org.au/koala/
"MULTIPOINT ((152.64671 -28.37328))",Koala,"Phascolarctos cinereus (Goldfuss, 1817)",2016-06-03T00:00:00.000,Koala 2016-06-03T00:00:00,https://wildlife.org.au/koala/
"MULTIPOINT ((152.64659 -28.37355))",Koala,"Phascolarctos cinereus (Goldfuss, 1817)",2016-06-03T00:00:00.000,Koala 2016-06-03T00:00:00,https://wildlife.org.au/koala/
"MULTIPOINT ((152.64635 -28.37369))",Koala,"Phascolarctos cinereus (Goldfuss, 1817)",2016-06-03T00:00:00.000,Koala 2016-06-03T00:00:00,https://wildlife.org.au/koala/
"MULTIPOINT ((152.64648 -28.37239))",Koala,"Phascolarctos cinereus (Goldfuss, 1817)",2016-06-03T00:00:00.000,Koala 2016-06-03T00:00:00,https://wildlife.org.au/koala/
"MULTIPOINT ((152.64599 -28.37374))",Koala,"Phascolarctos cinereus (Goldfuss, 1817)",2016-06-03T00:00:00.000,Koala 2016-06-03T00:00:00,https://wildlife.org.au/koala/
"MULTIPOINT ((152.64672 -28.37357))",Koala,"Phascolarctos cinereus (Goldfuss, 1817)",2016-06-03T00:00:00.000,Koala 2016-06-03T00:00:00,https://wildlife.org.au/koala/
"MULTIPOINT ((152.64635 -28.37389))",Koala,"Phascolarctos cinereus (Goldfuss, 1817)",2016-06-03T00:00:00.000,Koala 2016-06-03T00:00:00,https://wildlife.org.au/koala/
"MULTIPOINT ((152.64687 -28.37408))",Koala,"Phascolarctos cinereus (Goldfuss, 1817)",2016-06-03T00:00:00.000,Koala 2016-06-03T00:00:00,https://wildlife.org.au/koala/
"MULTIPOINT ((152.64673 -28.374))",Koala,"Phascolarctos cinereus (Goldfuss, 1817)",2016-06-03T00:00:00.000,Koala 2016-06-03T00:00:00,https://wildlife.org.au/koala/
"MULTIPOINT ((152.64696 -28.37353))",Koala,"Phascolarctos cinereus (Goldfuss, 1817)",2016-06-03T00:00:00.000,Koala 2016-06-03T00:00:00,https://wildlife.org.au/koala/
"MULTIPOINT ((152.64628 -28.37353))",Koala,"Phascolarctos cinereus (Goldfuss, 1817)",2016-06-06T00:00:00.000,Koala 2016-06-06T00:00:00,https://wildlife.org.au/koala/
"MULTIPOINT ((153.07921 -27.79894))",Koala,"Phascolarctos cinereus (Goldfuss, 1817)",2016-06-12T00:00:00.000,Koala 2016-06-12T00:00:00,https://wildlife.org.au/koala/
"MULTIPOINT ((153.05281 -27.80686))",Koala,"Phascolarctos cinereus (Goldfuss, 1817)",2016-07-22T00:00:00.000,Koala 2016-07-22T00:00:00,https://wildlife.org.au/koala/
"MULTIPOINT ((153.00914 -27.8882))",Koala,"Phascolarctos cinereus (Goldfuss, 1817)",2016-07-17T00:00:00.000,Koala 2016-07-17T00:00:00,https://wildlife.org.au/koala/
"MULTIPOINT ((153.13429 -28.35337))",Koala,"Phascolarctos cinereus (Goldfuss, 1817)",2016-08-02T00:00:00.000,Koala 2016-08-02T00:00:00,https://wildlife.org.au/koala/
"MULTIPOINT ((153.17049 -28.35082))",Koala,"Phascolarctos cinereus (Goldfuss, 1817)",2016-08-02T00:00:00.000,Koala 2016-08-02T00:00:00,https://wildlife.org.au/koala/
"MULTIPOINT ((152.37494 -28.07768))",Koala,"Phascolarctos cinereus (Goldfuss, 1817)",2016-09-07T15:04:00.000,Koala 2016-09-07T15:04:00,https://wildlife.org.au/koala/
"MULTIPOINT ((153.06667 -27.95))",Koala,"Phascolarctos cinereus (Goldfuss, 1817)",2016-10-19T00:00:00.000,Koala 2016-10-19T00:00:00,https://wildlife.org.au/koala/
"MULTIPOINT ((152.99316 -28.36855))",Koala,"Phascolarctos cinereus (Goldfuss, 1817)",2016-11-01T00:00:00.000,Koala 2016-11-01T00:00:00,https://wildlife.org.au/koala/
"MULTIPOINT ((153.17353 -28.43318))",Koala,"Phascolarctos cinereus (Goldfuss, 1817)",2016-11-17T00:00:00.000,Koala 2016-11-17T00:00:00,https://wildlife.org.au/koala/
"MULTIPOINT ((152.96846 -28.3545))",Koala,"Phascolarctos cinereus (Goldfuss, 1817)",2016-11-08T00:00:00.000,Koala 2016-11-08T00:00:00,https://wildlife.org.au/koala/
"MULTIPOINT ((153.06356 -28.38861))",Koala,"Phascolarctos cinereus (Goldfuss, 1817)",2016-11-09T00:00:00.000,Koala 2016-11-09T00:00:00,https://wildlife.org.au/koala/
"MULTIPOINT ((153.26794 -28.26713))",Koala,"Phascolarctos cinereus (Goldfuss, 1817)",2015-01-04T00:00:00.000,Koala 2015-01-04T00:00:00,https://wildlife.org.au/koala/
"MULTIPOINT ((152.65661 -28.3635))",Koala,"Phascolarctos cinereus (Goldfuss, 1817)",2015-01-21T00:00:00.000,Koala 2015-01-21T00:00:00,https://wildlife.org.au/koala/
"MULTIPOINT ((152.65183 -28.35761))",Koala,"Phascolarctos cinereus (Goldfuss, 1817)",2015-01-06T00:00:00.000,Koala 2015-01-06T00:00:00,https://wildlife.org.au/koala/
"MULTIPOINT ((153.07486 -27.82462))",Koala,"Phascolarctos cinereus (Goldfuss, 1817)",2015-01-01T00:00:00.000,Koala 2015-01-01T00:00:00,https://wildlife.org.au/koala/
"MULTIPOINT ((153.06251 -27.8109))",Koala,"Phascolarctos cinereus (Goldfuss, 1817)",2015-01-05T00:00:00.000,Koala 2015-01-05T00:00:00,https://wildlife.org.au/koala/
"MULTIPOINT ((153.26673 -28.27001))",Koala,"Phascolarctos cinereus (Goldfuss, 1817)",2015-01-04T00:00:00.000,Koala 2015-01-04T00:00:00,https://wildlife.org.au/koala/
"MULTIPOINT ((152.6694 -28.42324))",Koala,"Phascolarctos cinereus (Goldfuss, 1817)",2015-03-31T00:00:00.000,Koala 2015-03-31T00:00:00,https://wildlife.org.au/koala/
"MULTIPOINT ((152.65916 -28.34891))",Koala,"Phascolarctos cinereus (Goldfuss, 1817)",2015-03-04T00:00:00.000,Koala 2015-03-04T00:00:00,https://wildlife.org.au/koala/
"MULTIPOINT ((152.98958 -27.81761))",Koala,"Phascolarctos cinereus (Goldfuss, 1817)",2015-03-29T00:00:00.000,Koala 2015-03-29T00:00:00,https://wildlife.org.au/koala/
"MULTIPOINT ((152.67736 -28.42825))",Koala,"Phascolarctos cinereus (Goldfuss, 1817)",2015-04-23T00:00:00.000,Koala 2015-04-23T00:00:00,https://wildlife.org.au/koala/
"MULTIPOINT ((152.67703 -28.41759))",Koala,"Phascolarctos cinereus (Goldfuss, 1817)",2015-04-27T00:00:00.000,Koala 2015-04-27T00:00:00,https://wildlife.org.au/koala/
"MULTIPOINT ((152.67595 -28.41774))",Koala,"Phascolarctos cinereus (Goldfuss, 1817)",2015-04-29T00:00:00.000,Koala 2015-04-29T00:00:00,https://wildlife.org.au/koala/
"MULTIPOINT ((152.67715 -28.42006))",Koala,"Phascolarctos cinereus (Goldfuss, 1817)",2015-05-12T00:00:00.000,Koala 2015-05-12T00:00:00,https://wildlife.org.au/koala/
"MULTIPOINT ((152.61145 -28.32844))",Koala,"Phascolarctos cinereus (Goldfuss, 1817)",2015-05-28T00:00:00.000,Koala 2015-05-28T00:00:00,https://wildlife.org.au/koala/
"MULTIPOINT ((153.27576 -28.31192))",Koala,"Phascolarctos cinereus (Goldfuss, 1817)",2015-06-03T00:00:00.000,Koala 2015-06-03T00:00:00,https://wildlife.org.au/koala/
"MULTIPOINT ((152.68107 -28.43386))",Koala,"Phascolarctos cinereus (Goldfuss, 1817)",2015-06-03T00:00:00.000,Koala 2015-06-03T00:00:00,https://wildlife.org.au/koala/
"MULTIPOINT ((152.67899 -28.43069))",Koala,"Phascolarctos cinereus (Goldfuss, 1817)",2015-06-03T00:00:00.000,Koala 2015-06-03T00:00:00,https://wildlife.org.au/koala/
"MULTIPOINT ((153.11571 -28.06658))",Koala,"Phascolarctos cinereus (Goldfuss, 1817)",2015-06-11T00:00:00.000,Koala 2015-06-11T00:00:00,https://wildlife.org.au/koala/
"MULTIPOINT ((153.27556 -28.31195))",Koala,"Phascolarctos cinereus (Goldfuss, 1817)",2015-06-03T00:00:00.000,Koala 2015-06-03T00:00:00,https://wildlife.org.au/koala/
"MULTIPOINT ((152.58903 -28.38096))",Koala,"Phascolarctos cinereus (Goldfuss, 1817)",2015-06-19T00:00:00.000,Koala 2015-06-19T00:00:00,https://wildlife.org.au/koala/
"MULTIPOINT ((153.22558 -28.35501))",Koala,"Phascolarctos cinereus (Goldfuss, 1817)",2015-06-19T00:00:00.000,Koala 2015-06-19T00:00:00,https://wildlife.org.au/koala/
"MULTIPOINT ((152.63452 -28.38508))",Koala,"Phascolarctos cinereus (Goldfuss, 1817)",2015-07-02T00:00:00.000,Koala 2015-07-02T00:00:00,https://wildlife.org.au/koala/
"MULTIPOINT ((153.00758 -27.8405))",Koala,"Phascolarctos cinereus (Goldfuss, 1817)",2015-07-17T00:00:00.000,Koala 2015-07-17T00:00:00,https://wildlife.org.au/koala/
"MULTIPOINT ((153.13374 -27.78644))",Koala,"Phascolarctos cinereus (Goldfuss, 1817)",2015-07-12T00:00:00.000,Koala 2015-07-12T00:00:00,https://wildlife.org.au/koala/
"MULTIPOINT ((153.095 -27.8604))",Koala,"Phascolarctos cinereus (Goldfuss, 1817)",2015-08-04T00:00:00.000,Koala 2015-08-04T00:00:00,https://wildlife.org.au/koala/
"MULTIPOINT ((153.05859 -27.81844))",Koala,"Phascolarctos cinereus (Goldfuss, 1817)",2015-08-09T00:00:00.000,Koala 2015-08-09T00:00:00,https://wildlife.org.au/koala/
"MULTIPOINT ((153.22748 -28.2735))",Koala,"Phascolarctos cinereus (Goldfuss, 1817)",2015-09-10T00:00:00.000,Koala 2015-09-10T00:00:00,https://wildlife.org.au/koala/
"MULTIPOINT ((153.13406 -27.78626))",Koala,"Phascolarctos cinereus (Goldfuss, 1817)",2015-09-23T00:00:00.000,Koala 2015-09-23T00:00:00,https://wildlife.org.au/koala/
"MULTIPOINT ((152.62408 -28.40283))",Koala,"Phascolarctos cinereus (Goldfuss, 1817)",2015-09-26T00:00:00.000,Koala 2015-09-26T00:00:00,https://wildlife.org.au/koala/
"MULTIPOINT ((152.84546 -28.41981))",Koala,"Phascolarctos cinereus (Goldfuss, 1817)",2015-09-28T00:00:00.000,Koala 2015-09-28T00:00:00,https://wildlife.org.au/koala/
"MULTIPOINT ((153.22248 -28.27172))",Koala,"Phascolarctos cinereus (Goldfuss, 1817)",2015-09-10T00:00:00.000,Koala 2015-09-10T00:00:00,https://wildlife.org.au/koala/
"MULTIPOINT ((153.05909 -27.81863))",Koala,"Phascolarctos cinereus (Goldfuss, 1817)",2015-10-15T00:00:00.000,Koala 2015-10-15T00:00:00,https://wildlife.org.au/koala/
"MULTIPOINT ((152.61159 -28.328))",Koala,"Phascolarctos cinereus (Goldfuss, 1817)",2015-11-20T00:00:00.000,Koala 2015-11-20T00:00:00,https://wildlife.org.au/koala/
"MULTIPOINT ((152.61147 -28.32834))",Koala,"Phascolarctos cinereus (Goldfuss, 1817)",2015-11-20T00:00:00.000,Koala 2015-11-20T00:00:00,https://wildlife.org.au/koala/
"MULTIPOINT ((152.61172 -28.32872))",Koala,"Phascolarctos cinereus (Goldfuss, 1817)",2015-11-20T00:00:00.000,Koala 2015-11-20T00:00:00,https://wildlife.org.au/koala/
"MULTIPOINT ((152.63297 -28.38548))",Koala,"Phascolarctos cinereus (Goldfuss, 1817)",2015-11-04T00:00:00.000,Koala 2015-11-04T00:00:00,https://wildlife.org.au/koala/
"MULTIPOINT ((152.60048 -28.32333))",Koala,"Phascolarctos cinereus (Goldfuss, 1817)",2015-11-04T00:00:00.000,Koala 2015-11-04T00:00:00,https://wildlife.org.au/koala/
"MULTIPOINT ((153.15 -28.21667))",Koala,"Phascolarctos cinereus (Goldfuss, 1817)",2015-11-05T00:00:00.000,Koala 2015-11-05T00:00:00,https://wildlife.org.au/koala/
"MULTIPOINT ((153.09281 -27.80456))",Koala,"Phascolarctos cinereus (Goldfuss, 1817)",2015-11-28T00:00:00.000,Koala 2015-11-28T00:00:00,https://wildlife.org.au/koala/
"MULTIPOINT ((153.18419 -27.74378))",Koala,"Phascolarctos cinereus (Goldfuss, 1817)",2015-11-15T00:00:00.000,Koala 2015-11-15T00:00:00,https://wildlife.org.au/koala/
"MULTIPOINT ((153.06095 -27.83817))",Koala,"Phascolarctos cinereus (Goldfuss, 1817)",2015-11-17T00:00:00.000,Koala 2015-11-17T00:00:00,https://wildlife.org.au/koala/
"MULTIPOINT ((153.08179 -27.86959))",Koala,"Phascolarctos cinereus (Goldfuss, 1817)",2015-11-27T00:00:00.000,Koala 2015-11-27T00:00:00,https://wildlife.org.au/koala/
"MULTIPOINT ((153.07349 -27.92913))",Koala,"Phascolarctos cinereus (Goldfuss, 1817)",2015-11-15T00:00:00.000,Koala 2015-11-15T00:00:00,https://wildlife.org.au/koala/
"MULTIPOINT ((153.23 -28.17))",Koala,"Phascolarctos cinereus (Goldfuss, 1817)",2015-12-06T00:00:00.000,Koala 2015-12-06T00:00:00,https://wildlife.org.au/koala/
"MULTIPOINT ((152.55255 -27.92946))",Northern Bettong,"Bettongia tropica Wakefield, 1967",2019-12-20T00:00:00.000,Northern Bettong 2019-12-20T00:00:00,https://environment.des.qld.gov.au/wildlife/threatened-species/endangered/northern-bettong
"MULTIPOINT ((153.20261 -27.91522))",Yellow-bellied Glider,"Petaurus australis Shaw & Nodder, 1791",2020-01-04T00:00:00.000,Yellow-bellied Glider 2020-01-04T00:00:00,https://wildlife.org.au/yellow-bellied-glider/
"MULTIPOINT ((153.20332 -27.91705))",Yellow-bellied Glider,"Petaurus australis Shaw & Nodder, 1791",2019-10-31T00:00:00.000,Yellow-bellied Glider 2019-10-31T00:00:00,https://wildlife.org.au/yellow-bellied-glider/
"MULTIPOINT ((153.19408 -27.9248))",Yellow-bellied Glider,"Petaurus australis Shaw & Nodder, 1791",2019-11-07T00:00:00.000,Yellow-bellied Glider 2019-11-07T00:00:00,https://wildlife.org.au/yellow-bellied-glider/
"MULTIPOINT ((153.20263 -27.91333))",Yellow-bellied Glider,"Petaurus australis Shaw & Nodder, 1791",2019-12-29T00:00:00.000,Yellow-bellied Glider 2019-12-29T00:00:00,https://wildlife.org.au/yellow-bellied-glider/
"MULTIPOINT ((153.19368 -27.9254))",Yellow-bellied Glider,"Petaurus australis Shaw & Nodder, 1791",2017-09-19T00:00:00.000,Yellow-bellied Glider 2017-09-19T00:00:00,https://wildlife.org.au/yellow-bellied-glider/
"MULTIPOINT ((152.66909 -28.35089))",Yellow-bellied Glider,"Petaurus australis Shaw & Nodder, 1791",2015-01-20T00:00:00.000,Yellow-bellied Glider 2015-01-20T00:00:00,https://wildlife.org.au/yellow-bellied-glider/
"MULTIPOINT ((152.66851 -28.35069))",Yellow-bellied Glider,"Petaurus australis Shaw & Nodder, 1791",2015-01-20T00:00:00.000,Yellow-bellied Glider 2015-01-20T00:00:00,https://wildlife.org.au/yellow-bellied-glider/
"MULTIPOINT ((152.66894 -28.3484))",Yellow-bellied Glider,"Petaurus australis Shaw & Nodder, 1791",2015-01-20T00:00:00.000,Yellow-bellied Glider 2015-01-20T00:00:00,https://wildlife.org.au/yellow-bellied-glider/
"MULTIPOINT ((152.66055 -28.33805))",Yellow-bellied Glider,"Petaurus australis Shaw & Nodder, 1791",2015-01-20T00:00:00.000,Yellow-bellied Glider 2015-01-20T00:00:00,https://wildlife.org.au/yellow-bellied-glider/
"MULTIPOINT ((152.66645 -28.35234))",Yellow-bellied Glider,"Petaurus australis Shaw & Nodder, 1791",2015-01-20T00:00:00.000,Yellow-bellied Glider 2015-01-20T00:00:00,https://wildlife.org.au/yellow-bellied-glider/
"MULTIPOINT ((152.65998 -28.34001))",Yellow-bellied Glider,"Petaurus australis Shaw & Nodder, 1791",2015-01-20T00:00:00.000,Yellow-bellied Glider 2015-01-20T00:00:00,https://wildlife.org.au/yellow-bellied-glider/
"MULTIPOINT ((152.66891 -28.35045))",Yellow-bellied Glider,"Petaurus australis Shaw & Nodder, 1791",2015-01-20T00:00:00.000,Yellow-bellied Glider 2015-01-20T00:00:00,https://wildlife.org.au/yellow-bellied-glider/
"MULTIPOINT ((152.6654 -28.34872))",Yellow-bellied Glider,"Petaurus australis Shaw & Nodder, 1791",2015-01-21T00:00:00.000,Yellow-bellied Glider 2015-01-21T00:00:00,https://wildlife.org.au/yellow-bellied-glider/
"MULTIPOINT ((152.66317 -28.34832))",Yellow-bellied Glider,"Petaurus australis Shaw & Nodder, 1791",2015-01-21T00:00:00.000,Yellow-bellied Glider 2015-01-21T00:00:00,https://wildlife.org.au/yellow-bellied-glider/
"MULTIPOINT ((152.65845 -28.33985))",Yellow-bellied Glider,"Petaurus australis Shaw & Nodder, 1791",2015-01-20T00:00:00.000,Yellow-bellied Glider 2015-01-20T00:00:00,https://wildlife.org.au/yellow-bellied-glider/
"MULTIPOINT ((152.66733 -28.34788))",Yellow-bellied Glider,"Petaurus australis Shaw & Nodder, 1791",2015-01-20T00:00:00.000,Yellow-bellied Glider 2015-01-20T00:00:00,https://wildlife.org.au/yellow-bellied-glider/
"MULTIPOINT ((152.66954 -28.33586))",Yellow-bellied Glider,"Petaurus australis Shaw & Nodder, 1791",2015-01-15T00:00:00.000,Yellow-bellied Glider 2015-01-15T00:00:00,https://wildlife.org.au/yellow-bellied-glider/
"MULTIPOINT ((152.66455 -28.34869))",Yellow-bellied Glider,"Petaurus australis Shaw & Nodder, 1791",2015-01-21T00:00:00.000,Yellow-bellied Glider 2015-01-21T00:00:00,https://wildlife.org.au/yellow-bellied-glider/
"MULTIPOINT ((152.66447 -28.34884))",Yellow-bellied Glider,"Petaurus australis Shaw & Nodder, 1791",2015-01-21T00:00:00.000,Yellow-bellied Glider 2015-01-21T00:00:00,https://wildlife.org.au/yellow-bellied-glider/
"MULTIPOINT ((152.65799 -28.35451))",Yellow-bellied Glider,"Petaurus australis Shaw & Nodder, 1791",2015-01-21T00:00:00.000,Yellow-bellied Glider 2015-01-21T00:00:00,https://wildlife.org.au/yellow-bellied-glider/
"MULTIPOINT ((152.65818 -28.3382))",Yellow-bellied Glider,"Petaurus australis Shaw & Nodder, 1791",2015-01-15T00:00:00.000,Yellow-bellied Glider 2015-01-15T00:00:00,https://wildlife.org.au/yellow-bellied-glider/
"MULTIPOINT ((152.67141 -28.33659))",Yellow-bellied Glider,"Petaurus australis Shaw & Nodder, 1791",2015-01-15T00:00:00.000,Yellow-bellied Glider 2015-01-15T00:00:00,https://wildlife.org.au/yellow-bellied-glider/
"MULTIPOINT ((152.66887 -28.33475))",Yellow-bellied Glider,"Petaurus australis Shaw & Nodder, 1791",2015-02-18T00:00:00.000,Yellow-bellied Glider 2015-02-18T00:00:00,https://wildlife.org.au/yellow-bellied-glider/
"MULTIPOINT ((152.66982 -28.3368))",Yellow-bellied Glider,"Petaurus australis Shaw & Nodder, 1791",2015-02-18T00:00:00.000,Yellow-bellied Glider 2015-02-18T00:00:00,https://wildlife.org.au/yellow-bellied-glider/
"MULTIPOINT ((152.66958 -28.33502))",Yellow-bellied Glider,"Petaurus australis Shaw & Nodder, 1791",2015-02-18T00:00:00.000,Yellow-bellied Glider 2015-02-18T00:00:00,https://wildlife.org.au/yellow-bellied-glider/
"MULTIPOINT ((152.67215 -28.3358))",Yellow-bellied Glider,"Petaurus australis Shaw & Nodder, 1791",2015-02-18T00:00:00.000,Yellow-bellied Glider 2015-02-18T00:00:00,https://wildlife.org.au/yellow-bellied-glider/
"MULTIPOINT ((152.65321 -28.35952))",Yellow-bellied Glider,"Petaurus australis Shaw & Nodder, 1791",2015-02-25T00:00:00.000,Yellow-bellied Glider 2015-02-25T00:00:00,https://wildlife.org.au/yellow-bellied-glider/
"MULTIPOINT ((152.66695 -28.35162))",Yellow-bellied Glider,"Petaurus australis Shaw & Nodder, 1791",2015-02-26T00:00:00.000,Yellow-bellied Glider 2015-02-26T00:00:00,https://wildlife.org.au/yellow-bellied-glider/
"MULTIPOINT ((152.668 -28.35199))",Yellow-bellied Glider,"Petaurus australis Shaw & Nodder, 1791",2015-02-26T00:00:00.000,Yellow-bellied Glider 2015-02-26T00:00:00,https://wildlife.org.au/yellow-bellied-glider/
"MULTIPOINT ((152.65231 -28.35912))",Yellow-bellied Glider,"Petaurus australis Shaw & Nodder, 1791",2015-02-25T00:00:00.000,Yellow-bellied Glider 2015-02-25T00:00:00,https://wildlife.org.au/yellow-bellied-glider/
"MULTIPOINT ((152.65557 -28.36419))",Yellow-bellied Glider,"Petaurus australis Shaw & Nodder, 1791",2015-03-31T00:00:00.000,Yellow-bellied Glider 2015-03-31T00:00:00,https://wildlife.org.au/yellow-bellied-glider/
"MULTIPOINT ((152.64852 -28.3602))",Yellow-bellied Glider,"Petaurus australis Shaw & Nodder, 1791",2015-03-04T00:00:00.000,Yellow-bellied Glider 2015-03-04T00:00:00,https://wildlife.org.au/yellow-bellied-glider/
"MULTIPOINT ((152.67595 -28.42184))",Yellow-bellied Glider,"Petaurus australis Shaw & Nodder, 1791",2015-04-22T00:00:00.000,Yellow-bellied Glider 2015-04-22T00:00:00,https://wildlife.org.au/yellow-bellied-glider/
"MULTIPOINT ((152.67508 -28.4206))",Yellow-bellied Glider,"Petaurus australis Shaw & Nodder, 1791",2015-04-22T00:00:00.000,Yellow-bellied Glider 2015-04-22T00:00:00,https://wildlife.org.au/yellow-bellied-glider/
"MULTIPOINT ((152.67579 -28.42167))",Yellow-bellied Glider,"Petaurus australis Shaw & Nodder, 1791",2015-04-14T00:00:00.000,Yellow-bellied Glider 2015-04-14T00:00:00,https://wildlife.org.au/yellow-bellied-glider/
"MULTIPOINT ((152.67481 -28.41841))",Yellow-bellied Glider,"Petaurus australis Shaw & Nodder, 1791",2015-04-22T00:00:00.000,Yellow-bellied Glider 2015-04-22T00:00:00,https://wildlife.org.au/yellow-bellied-glider/
"MULTIPOINT ((152.6713 -28.42507))",Yellow-bellied Glider,"Petaurus australis Shaw & Nodder, 1791",2015-04-22T00:00:00.000,Yellow-bellied Glider 2015-04-22T00:00:00,https://wildlife.org.au/yellow-bellied-glider/
"MULTIPOINT ((152.68252 -28.4346))",Yellow-bellied Glider,"Petaurus australis Shaw & Nodder, 1791",2015-04-23T00:00:00.000,Yellow-bellied Glider 2015-04-23T00:00:00,https://wildlife.org.au/yellow-bellied-glider/
"MULTIPOINT ((152.67316 -28.42439))",Yellow-bellied Glider,"Petaurus australis Shaw & Nodder, 1791",2015-04-22T00:00:00.000,Yellow-bellied Glider 2015-04-22T00:00:00,https://wildlife.org.au/yellow-bellied-glider/
"MULTIPOINT ((152.67615 -28.4178))",Yellow-bellied Glider,"Petaurus australis Shaw & Nodder, 1791",2015-04-27T00:00:00.000,Yellow-bellied Glider 2015-04-27T00:00:00,https://wildlife.org.au/yellow-bellied-glider/
"MULTIPOINT ((152.67641 -28.41697))",Yellow-bellied Glider,"Petaurus australis Shaw & Nodder, 1791",2015-04-27T00:00:00.000,Yellow-bellied Glider 2015-04-27T00:00:00,https://wildlife.org.au/yellow-bellied-glider/
"MULTIPOINT ((152.67612 -28.4187))",Yellow-bellied Glider,"Petaurus australis Shaw & Nodder, 1791",2015-04-27T00:00:00.000,Yellow-bellied Glider 2015-04-27T00:00:00,https://wildlife.org.au/yellow-bellied-glider/
"MULTIPOINT ((152.67571 -28.41839))",Yellow-bellied Glider,"Petaurus australis Shaw & Nodder, 1791",2015-04-28T00:00:00.000,Yellow-bellied Glider 2015-04-28T00:00:00,https://wildlife.org.au/yellow-bellied-glider/
"MULTIPOINT ((152.68179 -28.43538))",Yellow-bellied Glider,"Petaurus australis Shaw & Nodder, 1791",2015-06-02T00:00:00.000,Yellow-bellied Glider 2015-06-02T00:00:00,https://wildlife.org.au/yellow-bellied-glider/
"MULTIPOINT ((152.68173 -28.43403))",Yellow-bellied Glider,"Petaurus australis Shaw & Nodder, 1791",2015-06-02T00:00:00.000,Yellow-bellied Glider 2015-06-02T00:00:00,https://wildlife.org.au/yellow-bellied-glider/
"MULTIPOINT ((152.67713 -28.41733))",Yellow-bellied Glider,"Petaurus australis Shaw & Nodder, 1791",2015-06-23T00:00:00.000,Yellow-bellied Glider 2015-06-23T00:00:00,https://wildlife.org.au/yellow-bellied-glider/
"MULTIPOINT ((152.67703 -28.41718))",Yellow-bellied Glider,"Petaurus australis Shaw & Nodder, 1791",2015-06-09T00:00:00.000,Yellow-bellied Glider 2015-06-09T00:00:00,https://wildlife.org.au/yellow-bellied-glider/
"MULTIPOINT ((152.67657 -28.41814))",Yellow-bellied Glider,"Petaurus australis Shaw & Nodder, 1791",2015-06-09T00:00:00.000,Yellow-bellied Glider 2015-06-09T00:00:00,https://wildlife.org.au/yellow-bellied-glider/
"MULTIPOINT ((152.67537 -28.42156))",Yellow-bellied Glider,"Petaurus australis Shaw & Nodder, 1791",2015-06-23T00:00:00.000,Yellow-bellied Glider 2015-06-23T00:00:00,https://wildlife.org.au/yellow-bellied-glider/
"MULTIPOINT ((152.67632 -28.41832))",Yellow-bellied Glider,"Petaurus australis Shaw & Nodder, 1791",2015-06-23T00:00:00.000,Yellow-bellied Glider 2015-06-23T00:00:00,https://wildlife.org.au/yellow-bellied-glider/
"MULTIPOINT ((152.67737 -28.41745))",Yellow-bellied Glider,"Petaurus australis Shaw & Nodder, 1791",2015-06-23T00:00:00.000,Yellow-bellied Glider 2015-06-23T00:00:00,https://wildlife.org.au/yellow-bellied-glider/
"MULTIPOINT ((152.63661 -28.37997))",Yellow-bellied Glider,"Petaurus australis Shaw & Nodder, 1791",2015-07-01T00:00:00.000,Yellow-bellied Glider 2015-07-01T00:00:00,https://wildlife.org.au/yellow-bellied-glider/
"MULTIPOINT ((152.65295 -28.37561))",Yellow-bellied Glider,"Petaurus australis Shaw & Nodder, 1791",2015-07-02T00:00:00.000,Yellow-bellied Glider 2015-07-02T00:00:00,https://wildlife.org.au/yellow-bellied-glider/
"MULTIPOINT ((152.6529 -28.37629))",Yellow-bellied Glider,"Petaurus australis Shaw & Nodder, 1791",2015-07-01T00:00:00.000,Yellow-bellied Glider 2015-07-01T00:00:00,https://wildlife.org.au/yellow-bellied-glider/
"MULTIPOINT ((152.63709 -28.38151))",Yellow-bellied Glider,"Petaurus australis Shaw & Nodder, 1791",2015-07-02T00:00:00.000,Yellow-bellied Glider 2015-07-02T00:00:00,https://wildlife.org.au/yellow-bellied-glider/
"MULTIPOINT ((152.65296 -28.37562))",Yellow-bellied Glider,"Petaurus australis Shaw & Nodder, 1791",2015-07-02T00:00:00.000,Yellow-bellied Glider 2015-07-02T00:00:00,https://wildlife.org.au/yellow-bellied-glider/
"MULTIPOINT ((152.63709 -28.38152))",Yellow-bellied Glider,"Petaurus australis Shaw & Nodder, 1791",2015-07-02T00:00:00.000,Yellow-bellied Glider 2015-07-02T00:00:00,https://wildlife.org.au/yellow-bellied-glider/
"MULTIPOINT ((152.6529 -28.3763))",Yellow-bellied Glider,"Petaurus australis Shaw & Nodder, 1791",2015-07-01T00:00:00.000,Yellow-bellied Glider 2015-07-01T00:00:00,https://wildlife.org.au/yellow-bellied-glider/
"MULTIPOINT ((152.63661 -28.37998))",Yellow-bellied Glider,"Petaurus australis Shaw & Nodder, 1791",2015-07-01T00:00:00.000,Yellow-bellied Glider 2015-07-01T00:00:00,https://wildlife.org.au/yellow-bellied-glider/
